{"cameraMode":{"drawMode":0,"name":"Shaded","section":"Shading Mode"},"sceneLighting":true,"audioPlay":false,"sceneViewState":{"m_AlwaysRefresh":false,"showFog":true,"showSkybox":true,"showFlares":true,"showImageEffects":true,"showParticleSystems":true,"showVisualEffectGraphs":true,"m_FxEnabled":true},"in2DMode":false,"pivot":{"x":0.2166467010974884,"y":1.451479196548462,"z":-0.4096727967262268},"rotation":{"x":-0.16485154628753663,"y":0.3618421256542206,"z":-0.06517530232667923,"w":-0.9152302145957947},"size":0.6945067644119263,"orthographic":false}