{"cameraMode":{"drawMode":0,"name":"Shaded","section":"Shading Mode"},"sceneLighting":false,"audioPlay":false,"sceneViewState":{"m_AlwaysRefresh":false,"showFog":true,"showSkybox":false,"showFlares":true,"showImageEffects":true,"showParticleSystems":true,"showVisualEffectGraphs":true,"m_FxEnabled":true},"in2DMode":false,"pivot":{"x":0.059835344552993777,"y":0.6792870163917542,"z":-0.39872491359710696},"rotation":{"x":-0.20173139870166779,"y":0.2751527428627014,"z":-0.05916764959692955,"w":-0.9381336569786072},"size":0.7800883650779724,"orthographic":false}